municipality,group,variable,month,Viviendas Evaluadas,TOTAL
AIQUILE,chagas viviendas,viviendas evaluadas,2011-01-01,280,280
ARANI,chagas viviendas,viviendas evaluadas,2011-01-01,233,233
ARBIETO,chagas viviendas,viviendas evaluadas,2011-01-01,300,300
AYOPAYA (V. DE INDEPENDENCIA),chagas viviendas,viviendas evaluadas,2011-01-01,80,80
CAJUATA,chagas viviendas,viviendas evaluadas,2011-01-01,1,1
CLIZA,chagas viviendas,viviendas evaluadas,2011-01-01,415,415
COCHABAMBA,chagas viviendas,viviendas evaluadas,2011-01-01,2,2
COLCAPIRHUA,chagas viviendas,viviendas evaluadas,2011-01-01,221,221
COTAGAITA,chagas viviendas,viviendas evaluadas,2011-01-01,1076,1076
CUCHUMUELA (V. G. VILLARROEL),chagas viviendas,viviendas evaluadas,2011-01-01,91,91
GUTIERREZ,chagas viviendas,viviendas evaluadas,2011-01-01,279,279
LAGUNILLAS,chagas viviendas,viviendas evaluadas,2011-01-01,12,12
MONTEAGUDO,chagas viviendas,viviendas evaluadas,2011-01-01,73,73
OMEREQUE,chagas viviendas,viviendas evaluadas,2011-01-01,31,31
POCONA,chagas viviendas,viviendas evaluadas,2011-01-01,213,213
POJO (CBBA),chagas viviendas,viviendas evaluadas,2011-01-01,300,300
PORONGO,chagas viviendas,viviendas evaluadas,2011-01-01,30,30
POSTRER VALLE,chagas viviendas,viviendas evaluadas,2011-01-01,55,55
PUCARA,chagas viviendas,viviendas evaluadas,2011-01-01,20,20
QUIRUSILLAS,chagas viviendas,viviendas evaluadas,2011-01-01,14,14
SACABA,chagas viviendas,viviendas evaluadas,2011-01-01,252,252
SACABAMBA,chagas viviendas,viviendas evaluadas,2011-01-01,280,280
SAIPINA,chagas viviendas,viviendas evaluadas,2011-01-01,143,143
SAN BENITO,chagas viviendas,viviendas evaluadas,2011-01-01,274,274
SAN JULIAN,chagas viviendas,viviendas evaluadas,2011-01-01,17,17
SAN LORENZO(TJA),chagas viviendas,viviendas evaluadas,2011-01-01,7,7
SANTA CRUZ DE LA SIERRA,chagas viviendas,viviendas evaluadas,2011-01-01,110,110
SICAYA,chagas viviendas,viviendas evaluadas,2011-01-01,121,121
SIPE SIPE,chagas viviendas,viviendas evaluadas,2011-01-01,250,250
TAPACARI,chagas viviendas,viviendas evaluadas,2011-01-01,235,235
TARATA,chagas viviendas,viviendas evaluadas,2011-01-01,317,317
TARIJA,chagas viviendas,viviendas evaluadas,2011-01-01,217,217
TIQUIPAYA,chagas viviendas,viviendas evaluadas,2011-01-01,316,316
TOCO,chagas viviendas,viviendas evaluadas,2011-01-01,160,160
TOMAVE,chagas viviendas,viviendas evaluadas,2011-01-01,134,134
TOTORA(CBBA),chagas viviendas,viviendas evaluadas,2011-01-01,411,411
TRINIDAD,chagas viviendas,viviendas evaluadas,2011-01-01,24,24
URIONDO (A. CONCEPCION),chagas viviendas,viviendas evaluadas,2011-01-01,58,58
VALLEGRANDE,chagas viviendas,viviendas evaluadas,2011-01-01,67,67
VILLA MONTES,chagas viviendas,viviendas evaluadas,2011-01-01,177,177
VINTO,chagas viviendas,viviendas evaluadas,2011-01-01,227,227
ZUDAÑEZ,chagas viviendas,viviendas evaluadas,2011-01-01,102,102
ACACIO,chagas viviendas,viviendas evaluadas,2011-02-01,166,166
AIQUILE,chagas viviendas,viviendas evaluadas,2011-02-01,513,513
ANZALDO,chagas viviendas,viviendas evaluadas,2011-02-01,11,11
ARAMPAMPA,chagas viviendas,viviendas evaluadas,2011-02-01,267,267
ARANI,chagas viviendas,viviendas evaluadas,2011-02-01,155,155
ARBIETO,chagas viviendas,viviendas evaluadas,2011-02-01,308,308
AYOPAYA (V. DE INDEPENDENCIA),chagas viviendas,viviendas evaluadas,2011-02-01,105,105
CAPINOTA,chagas viviendas,viviendas evaluadas,2011-02-01,14,14
CLIZA,chagas viviendas,viviendas evaluadas,2011-02-01,400,400
COCHABAMBA,chagas viviendas,viviendas evaluadas,2011-02-01,6,6
COLCAPIRHUA,chagas viviendas,viviendas evaluadas,2011-02-01,303,303
COTAGAITA,chagas viviendas,viviendas evaluadas,2011-02-01,752,752
EL PUENTE(TJA),chagas viviendas,viviendas evaluadas,2011-02-01,288,288
GUTIERREZ,chagas viviendas,viviendas evaluadas,2011-02-01,60,60
ICLA,chagas viviendas,viviendas evaluadas,2011-02-01,73,73
LAGUNILLAS,chagas viviendas,viviendas evaluadas,2011-02-01,61,61
PADCAYA,chagas viviendas,viviendas evaluadas,2011-02-01,24,24
PAMPA GRANDE,chagas viviendas,viviendas evaluadas,2011-02-01,119,119
PASORAPA,chagas viviendas,viviendas evaluadas,2011-02-01,209,209
POCONA,chagas viviendas,viviendas evaluadas,2011-02-01,153,153
POJO (CBBA),chagas viviendas,viviendas evaluadas,2011-02-01,249,249
PUCARA,chagas viviendas,viviendas evaluadas,2011-02-01,71,71
QUIRUSILLAS,chagas viviendas,viviendas evaluadas,2011-02-01,108,108
ROBORE,chagas viviendas,viviendas evaluadas,2011-02-01,28,28
SACABA,chagas viviendas,viviendas evaluadas,2011-02-01,481,481
SAMAIPATA,chagas viviendas,viviendas evaluadas,2011-02-01,87,87
SAN BENITO,chagas viviendas,viviendas evaluadas,2011-02-01,127,127
SAN RAMON BENI,chagas viviendas,viviendas evaluadas,2011-02-01,20,20
SANTA CRUZ DE LA SIERRA,chagas viviendas,viviendas evaluadas,2011-02-01,45,45
SAPAHAQUI,chagas viviendas,viviendas evaluadas,2011-02-01,185,185
SICAYA,chagas viviendas,viviendas evaluadas,2011-02-01,97,97
SIPE SIPE,chagas viviendas,viviendas evaluadas,2011-02-01,234,234
SOPACHUY,chagas viviendas,viviendas evaluadas,2011-02-01,2386,2386
TACOPAYA,chagas viviendas,viviendas evaluadas,2011-02-01,197,197
TAPACARI,chagas viviendas,viviendas evaluadas,2011-02-01,201,201
TARATA,chagas viviendas,viviendas evaluadas,2011-02-01,345,345
TIQUIPAYA,chagas viviendas,viviendas evaluadas,2011-02-01,352,352
TOCO,chagas viviendas,viviendas evaluadas,2011-02-01,159,159
TOMAVE,chagas viviendas,viviendas evaluadas,2011-02-01,144,144
TOTORA(CBBA),chagas viviendas,viviendas evaluadas,2011-02-01,318,318
URIONDO (A. CONCEPCION),chagas viviendas,viviendas evaluadas,2011-02-01,144,144
VILLA RIVERO,chagas viviendas,viviendas evaluadas,2011-02-01,211,211
VINTO,chagas viviendas,viviendas evaluadas,2011-02-01,201,201
VITICHI,chagas viviendas,viviendas evaluadas,2011-02-01,602,602
YOTALA,chagas viviendas,viviendas evaluadas,2011-02-01,216,216
ZUDAÑEZ,chagas viviendas,viviendas evaluadas,2011-02-01,60,60
ACACIO,chagas viviendas,viviendas evaluadas,2011-03-01,231,231
AIQUILE,chagas viviendas,viviendas evaluadas,2011-03-01,356,356
ANZALDO,chagas viviendas,viviendas evaluadas,2011-03-01,71,71
ARAMPAMPA,chagas viviendas,viviendas evaluadas,2011-03-01,115,115
ARANI,chagas viviendas,viviendas evaluadas,2011-03-01,187,187
ARBIETO,chagas viviendas,viviendas evaluadas,2011-03-01,313,313
AYOPAYA (V. DE INDEPENDENCIA),chagas viviendas,viviendas evaluadas,2011-03-01,135,135
AZURDUY,chagas viviendas,viviendas evaluadas,2011-03-01,44,44
CAPINOTA,chagas viviendas,viviendas evaluadas,2011-03-01,65,65
CLIZA,chagas viviendas,viviendas evaluadas,2011-03-01,371,371
COCHABAMBA,chagas viviendas,viviendas evaluadas,2011-03-01,7,7
COLCAPIRHUA,chagas viviendas,viviendas evaluadas,2011-03-01,238,238
COTAGAITA,chagas viviendas,viviendas evaluadas,2011-03-01,1021,1021
EL PUENTE(TJA),chagas viviendas,viviendas evaluadas,2011-03-01,79,79
EL TORNO,chagas viviendas,viviendas evaluadas,2011-03-01,27,27
GUTIERREZ,chagas viviendas,viviendas evaluadas,2011-03-01,112,112
HUACAYA (VILLA DE HUACAYA),chagas viviendas,viviendas evaluadas,2011-03-01,8,8
MONTEAGUDO,chagas viviendas,viviendas evaluadas,2011-03-01,170,170
OMEREQUE,chagas viviendas,viviendas evaluadas,2011-03-01,99,99
PADCAYA,chagas viviendas,viviendas evaluadas,2011-03-01,81,81
PAMPA GRANDE,chagas viviendas,viviendas evaluadas,2011-03-01,77,77
PASORAPA,chagas viviendas,viviendas evaluadas,2011-03-01,140,140
POCONA,chagas viviendas,viviendas evaluadas,2011-03-01,144,144
POJO (CBBA),chagas viviendas,viviendas evaluadas,2011-03-01,216,216
POSTRER VALLE,chagas viviendas,viviendas evaluadas,2011-03-01,31,31
PRESTO,chagas viviendas,viviendas evaluadas,2011-03-01,297,297
PUCARA,chagas viviendas,viviendas evaluadas,2011-03-01,96,96
PUERTO VILLARROEL,chagas viviendas,viviendas evaluadas,2011-03-01,784,784
QUIRUSILLAS,chagas viviendas,viviendas evaluadas,2011-03-01,114,114
RAVELO,chagas viviendas,viviendas evaluadas,2011-03-01,536,536
ROBORE,chagas viviendas,viviendas evaluadas,2011-03-01,138,138
SACABA,chagas viviendas,viviendas evaluadas,2011-03-01,493,493
SAMAIPATA,chagas viviendas,viviendas evaluadas,2011-03-01,137,137
SAN BENITO,chagas viviendas,viviendas evaluadas,2011-03-01,229,229
SAN LORENZO(TJA),chagas viviendas,viviendas evaluadas,2011-03-01,220,220
SAN PEDRO DE BUENA VISTA,chagas viviendas,viviendas evaluadas,2011-03-01,395,395
SANTA CRUZ DE LA SIERRA,chagas viviendas,viviendas evaluadas,2011-03-01,0,0
SICAYA,chagas viviendas,viviendas evaluadas,2011-03-01,158,158
SIPE SIPE,chagas viviendas,viviendas evaluadas,2011-03-01,400,400
SOPACHUY,chagas viviendas,viviendas evaluadas,2011-03-01,1153,1153
SUCRE,chagas viviendas,viviendas evaluadas,2011-03-01,589,589
TACOPAYA,chagas viviendas,viviendas evaluadas,2011-03-01,233,233
TAPACARI,chagas viviendas,viviendas evaluadas,2011-03-01,264,264
TARATA,chagas viviendas,viviendas evaluadas,2011-03-01,343,343
TARIJA,chagas viviendas,viviendas evaluadas,2011-03-01,177,177
TIQUIPAYA,chagas viviendas,viviendas evaluadas,2011-03-01,80,80
TOCO,chagas viviendas,viviendas evaluadas,2011-03-01,152,152
TOLATA,chagas viviendas,viviendas evaluadas,2011-03-01,2,2
TOMINA,chagas viviendas,viviendas evaluadas,2011-03-01,131,131
TOTORA(CBBA),chagas viviendas,viviendas evaluadas,2011-03-01,409,409
URIONDO (A. CONCEPCION),chagas viviendas,viviendas evaluadas,2011-03-01,202,202
VALLEGRANDE,chagas viviendas,viviendas evaluadas,2011-03-01,315,315
VILA VILA,chagas viviendas,viviendas evaluadas,2011-03-01,179,179
VILLA RIVERO,chagas viviendas,viviendas evaluadas,2011-03-01,224,224
VILLA SERRANO,chagas viviendas,viviendas evaluadas,2011-03-01,93,93
VINTO,chagas viviendas,viviendas evaluadas,2011-03-01,279,279
ZUDAÑEZ,chagas viviendas,viviendas evaluadas,2011-03-01,45,45
ACACIO,chagas viviendas,viviendas evaluadas,2011-04-01,295,295
AIQUILE,chagas viviendas,viviendas evaluadas,2011-04-01,707,707
ANZALDO,chagas viviendas,viviendas evaluadas,2011-04-01,174,174
ARAMPAMPA,chagas viviendas,viviendas evaluadas,2011-04-01,207,207
ARANI,chagas viviendas,viviendas evaluadas,2011-04-01,234,234
ARBIETO,chagas viviendas,viviendas evaluadas,2011-04-01,334,334
BETANZOS,chagas viviendas,viviendas evaluadas,2011-04-01,262,262
"CAIZA ""D""",chagas viviendas,viviendas evaluadas,2011-04-01,338,338
CAPINOTA,chagas viviendas,viviendas evaluadas,2011-04-01,83,83
CLIZA,chagas viviendas,viviendas evaluadas,2011-04-01,305,305
COCHABAMBA,chagas viviendas,viviendas evaluadas,2011-04-01,39,39
COLCAPIRHUA,chagas viviendas,viviendas evaluadas,2011-04-01,272,272
COROICO,chagas viviendas,viviendas evaluadas,2011-04-01,636,636
COTAGAITA,chagas viviendas,viviendas evaluadas,2011-04-01,1278,1278
CUCHUMUELA (V. G. VILLARROEL),chagas viviendas,viviendas evaluadas,2011-04-01,13,13
EL TORNO,chagas viviendas,viviendas evaluadas,2011-04-01,27,27
GUTIERREZ,chagas viviendas,viviendas evaluadas,2011-04-01,120,120
HUACARETA,chagas viviendas,viviendas evaluadas,2011-04-01,71,71
HUACAYA (VILLA DE HUACAYA),chagas viviendas,viviendas evaluadas,2011-04-01,127,127
ICLA,chagas viviendas,viviendas evaluadas,2011-04-01,67,67
LAGUNILLAS,chagas viviendas,viviendas evaluadas,2011-04-01,46,46
MAIRANA,chagas viviendas,viviendas evaluadas,2011-04-01,297,297
MECAPACA,chagas viviendas,viviendas evaluadas,2011-04-01,1096,1096
MIZQUE,chagas viviendas,viviendas evaluadas,2011-04-01,553,553
MOJOCOYA,chagas viviendas,viviendas evaluadas,2011-04-01,1,1
MONTERO,chagas viviendas,viviendas evaluadas,2011-04-01,2,2
OMEREQUE,chagas viviendas,viviendas evaluadas,2011-04-01,292,292
PAMPA GRANDE,chagas viviendas,viviendas evaluadas,2011-04-01,59,59
PASORAPA,chagas viviendas,viviendas evaluadas,2011-04-01,154,154
POCONA,chagas viviendas,viviendas evaluadas,2011-04-01,144,144
POSTRER VALLE,chagas viviendas,viviendas evaluadas,2011-04-01,16,16
PRESTO,chagas viviendas,viviendas evaluadas,2011-04-01,52,52
PUNATA,chagas viviendas,viviendas evaluadas,2011-04-01,14,14
QUILLACOLLO,chagas viviendas,viviendas evaluadas,2011-04-01,109,109
QUIRUSILLAS,chagas viviendas,viviendas evaluadas,2011-04-01,150,150
RAVELO,chagas viviendas,viviendas evaluadas,2011-04-01,230,230
SACABA,chagas viviendas,viviendas evaluadas,2011-04-01,537,537
SACABAMBA,chagas viviendas,viviendas evaluadas,2011-04-01,63,63
SAIPINA,chagas viviendas,viviendas evaluadas,2011-04-01,32,32
SAMAIPATA,chagas viviendas,viviendas evaluadas,2011-04-01,166,166
SAN BENITO,chagas viviendas,viviendas evaluadas,2011-04-01,239,239
SAN JULIAN,chagas viviendas,viviendas evaluadas,2011-04-01,105,105
SAN LORENZO(TJA),chagas viviendas,viviendas evaluadas,2011-04-01,140,140
SAN PEDRO DE BUENA VISTA,chagas viviendas,viviendas evaluadas,2011-04-01,582,582
SANTA CRUZ DE LA SIERRA,chagas viviendas,viviendas evaluadas,2011-04-01,0,0
SANTIVAÑES,chagas viviendas,viviendas evaluadas,2011-04-01,132,132
SAPAHAQUI,chagas viviendas,viviendas evaluadas,2011-04-01,416,416
SICAYA,chagas viviendas,viviendas evaluadas,2011-04-01,118,118
SIPE SIPE,chagas viviendas,viviendas evaluadas,2011-04-01,314,314
SOPACHUY,chagas viviendas,viviendas evaluadas,2011-04-01,220,220
TACOBAMBA,chagas viviendas,viviendas evaluadas,2011-04-01,239,239
TACOPAYA,chagas viviendas,viviendas evaluadas,2011-04-01,188,188
TAPACARI,chagas viviendas,viviendas evaluadas,2011-04-01,250,250
TARATA,chagas viviendas,viviendas evaluadas,2011-04-01,324,324
TARIJA,chagas viviendas,viviendas evaluadas,2011-04-01,272,272
TIQUIPAYA,chagas viviendas,viviendas evaluadas,2011-04-01,255,255
TOCO,chagas viviendas,viviendas evaluadas,2011-04-01,92,92
TOTORA(CBBA),chagas viviendas,viviendas evaluadas,2011-04-01,435,435
TRINIDAD,chagas viviendas,viviendas evaluadas,2011-04-01,34,34
TUPIZA,chagas viviendas,viviendas evaluadas,2011-04-01,677,677
URIONDO (A. CONCEPCION),chagas viviendas,viviendas evaluadas,2011-04-01,265,265
VALLEGRANDE,chagas viviendas,viviendas evaluadas,2011-04-01,305,305
VILA VILA,chagas viviendas,viviendas evaluadas,2011-04-01,133,133
VILLA RIVERO,chagas viviendas,viviendas evaluadas,2011-04-01,133,133
VINTO,chagas viviendas,viviendas evaluadas,2011-04-01,263,263
VITICHI,chagas viviendas,viviendas evaluadas,2011-04-01,296,296
ZUDAÑEZ,chagas viviendas,viviendas evaluadas,2011-04-01,66,66
ACACIO,chagas viviendas,viviendas evaluadas,2011-05-01,423,423
AIQUILE,chagas viviendas,viviendas evaluadas,2011-05-01,589,589
ALCALA,chagas viviendas,viviendas evaluadas,2011-05-01,110,110
ANZALDO,chagas viviendas,viviendas evaluadas,2011-05-01,522,522
ARAMPAMPA,chagas viviendas,viviendas evaluadas,2011-05-01,216,216
ARANI,chagas viviendas,viviendas evaluadas,2011-05-01,423,423
ARBIETO,chagas viviendas,viviendas evaluadas,2011-05-01,288,288
ARQUE,chagas viviendas,viviendas evaluadas,2011-05-01,332,332
AYOPAYA (V. DE INDEPENDENCIA),chagas viviendas,viviendas evaluadas,2011-05-01,292,292
CABEZAS,chagas viviendas,viviendas evaluadas,2011-05-01,109,109
"CAIZA ""D""",chagas viviendas,viviendas evaluadas,2011-05-01,285,285
CAMARGO,chagas viviendas,viviendas evaluadas,2011-05-01,111,111
CAMATAQUI (C. VILLA ABECIA),chagas viviendas,viviendas evaluadas,2011-05-01,245,245
CAPINOTA,chagas viviendas,viviendas evaluadas,2011-05-01,769,769
CHULUMANI (V. DE LA LIBERTAD),chagas viviendas,viviendas evaluadas,2011-05-01,432,432
CLIZA,chagas viviendas,viviendas evaluadas,2011-05-01,388,388
COCHABAMBA,chagas viviendas,viviendas evaluadas,2011-05-01,392,392
COLCAPIRHUA,chagas viviendas,viviendas evaluadas,2011-05-01,299,299
COROICO,chagas viviendas,viviendas evaluadas,2011-05-01,1254,1254
COTAGAITA,chagas viviendas,viviendas evaluadas,2011-05-01,670,670
CULPINA,chagas viviendas,viviendas evaluadas,2011-05-01,385,385
EL PUENTE(TJA),chagas viviendas,viviendas evaluadas,2011-05-01,147,147
ENTRE RIOS TRJ,chagas viviendas,viviendas evaluadas,2011-05-01,462,462
GUTIERREZ,chagas viviendas,viviendas evaluadas,2011-05-01,125,125
HUACARETA,chagas viviendas,viviendas evaluadas,2011-05-01,504,504
HUACAYA (VILLA DE HUACAYA),chagas viviendas,viviendas evaluadas,2011-05-01,127,127
IRUPANA (VILLA DE LANZA),chagas viviendas,viviendas evaluadas,2011-05-01,177,177
LAS CARRERAS,chagas viviendas,viviendas evaluadas,2011-05-01,141,141
MECAPACA,chagas viviendas,viviendas evaluadas,2011-05-01,385,385
MIZQUE,chagas viviendas,viviendas evaluadas,2011-05-01,1105,1105
MOJOCOYA,chagas viviendas,viviendas evaluadas,2011-05-01,841,841
OCURI,chagas viviendas,viviendas evaluadas,2011-05-01,72,72
OMEREQUE,chagas viviendas,viviendas evaluadas,2011-05-01,446,446
PADCAYA,chagas viviendas,viviendas evaluadas,2011-05-01,415,415
PASORAPA,chagas viviendas,viviendas evaluadas,2011-05-01,96,96
POCOATA,chagas viviendas,viviendas evaluadas,2011-05-01,169,169
POCONA,chagas viviendas,viviendas evaluadas,2011-05-01,205,205
POJO (CBBA),chagas viviendas,viviendas evaluadas,2011-05-01,475,475
POROMA,chagas viviendas,viviendas evaluadas,2011-05-01,425,425
POSTRER VALLE,chagas viviendas,viviendas evaluadas,2011-05-01,29,29
PUNATA,chagas viviendas,viviendas evaluadas,2011-05-01,171,171
QUILLACOLLO,chagas viviendas,viviendas evaluadas,2011-05-01,488,488
QUIRUSILLAS,chagas viviendas,viviendas evaluadas,2011-05-01,99,99
RAVELO,chagas viviendas,viviendas evaluadas,2011-05-01,561,561
ROBORE,chagas viviendas,viviendas evaluadas,2011-05-01,36,36
SACABA,chagas viviendas,viviendas evaluadas,2011-05-01,500,500
SACABAMBA,chagas viviendas,viviendas evaluadas,2011-05-01,236,236
SAIPINA,chagas viviendas,viviendas evaluadas,2011-05-01,17,17
SAMAIPATA,chagas viviendas,viviendas evaluadas,2011-05-01,157,157
SAN BENITO,chagas viviendas,viviendas evaluadas,2011-05-01,258,258
SAN LORENZO(TJA),chagas viviendas,viviendas evaluadas,2011-05-01,164,164
SAN PEDRO DE BUENA VISTA,chagas viviendas,viviendas evaluadas,2011-05-01,1123,1123
SANTA CRUZ DE LA SIERRA,chagas viviendas,viviendas evaluadas,2011-05-01,0,0
SANTIVAÑES,chagas viviendas,viviendas evaluadas,2011-05-01,707,707
SAPAHAQUI,chagas viviendas,viviendas evaluadas,2011-05-01,986,986
SICAYA,chagas viviendas,viviendas evaluadas,2011-05-01,99,99
SIPE SIPE,chagas viviendas,viviendas evaluadas,2011-05-01,346,346
SOPACHUY,chagas viviendas,viviendas evaluadas,2011-05-01,100,100
TACOPAYA,chagas viviendas,viviendas evaluadas,2011-05-01,215,215
TAPACARI,chagas viviendas,viviendas evaluadas,2011-05-01,449,449
TARATA,chagas viviendas,viviendas evaluadas,2011-05-01,376,376
TIQUIPAYA,chagas viviendas,viviendas evaluadas,2011-05-01,344,344
TOCO,chagas viviendas,viviendas evaluadas,2011-05-01,206,206
TOLATA,chagas viviendas,viviendas evaluadas,2011-05-01,287,287
TOMAVE,chagas viviendas,viviendas evaluadas,2011-05-01,235,235
TORO TORO,chagas viviendas,viviendas evaluadas,2011-05-01,242,242
TOTORA(CBBA),chagas viviendas,viviendas evaluadas,2011-05-01,433,433
TRINIDAD,chagas viviendas,viviendas evaluadas,2011-05-01,15,15
TUPIZA,chagas viviendas,viviendas evaluadas,2011-05-01,1095,1095
URIONDO (A. CONCEPCION),chagas viviendas,viviendas evaluadas,2011-05-01,421,421
VALLEGRANDE,chagas viviendas,viviendas evaluadas,2011-05-01,125,125
VILA VILA,chagas viviendas,viviendas evaluadas,2011-05-01,82,82
VILLA RIVERO,chagas viviendas,viviendas evaluadas,2011-05-01,148,148
VILLAZON,chagas viviendas,viviendas evaluadas,2011-05-01,172,172
VITICHI,chagas viviendas,viviendas evaluadas,2011-05-01,255,255
ZUDAÑEZ,chagas viviendas,viviendas evaluadas,2011-05-01,261,261
ACACIO,chagas viviendas,viviendas evaluadas,2011-06-01,366,366
AIQUILE,chagas viviendas,viviendas evaluadas,2011-06-01,236,236
ALCALA,chagas viviendas,viviendas evaluadas,2011-06-01,113,113
ANZALDO,chagas viviendas,viviendas evaluadas,2011-06-01,259,259
ARAMPAMPA,chagas viviendas,viviendas evaluadas,2011-06-01,183,183
ARANI,chagas viviendas,viviendas evaluadas,2011-06-01,350,350
ARBIETO,chagas viviendas,viviendas evaluadas,2011-06-01,352,352
ARQUE,chagas viviendas,viviendas evaluadas,2011-06-01,199,199
AYOPAYA (V. DE INDEPENDENCIA),chagas viviendas,viviendas evaluadas,2011-06-01,123,123
BOYUIBE,chagas viviendas,viviendas evaluadas,2011-06-01,330,330
CABEZAS,chagas viviendas,viviendas evaluadas,2011-06-01,159,159
CAMARGO,chagas viviendas,viviendas evaluadas,2011-06-01,823,823
CAMATAQUI (C. VILLA ABECIA),chagas viviendas,viviendas evaluadas,2011-06-01,309,309
CAPINOTA,chagas viviendas,viviendas evaluadas,2011-06-01,861,861
CHULUMANI (V. DE LA LIBERTAD),chagas viviendas,viviendas evaluadas,2011-06-01,1101,1101
CLIZA,chagas viviendas,viviendas evaluadas,2011-06-01,341,341
COCHABAMBA,chagas viviendas,viviendas evaluadas,2011-06-01,59,59
COLCAPIRHUA,chagas viviendas,viviendas evaluadas,2011-06-01,244,244
COMARAPA,chagas viviendas,viviendas evaluadas,2011-06-01,10,10
COROICO,chagas viviendas,viviendas evaluadas,2011-06-01,1280,1280
COTAGAITA,chagas viviendas,viviendas evaluadas,2011-06-01,1259,1259
EL PUENTE(TJA),chagas viviendas,viviendas evaluadas,2011-06-01,96,96
EL TORNO,chagas viviendas,viviendas evaluadas,2011-06-01,21,21
ENTRE RIOS TRJ,chagas viviendas,viviendas evaluadas,2011-06-01,90,90
GUTIERREZ,chagas viviendas,viviendas evaluadas,2011-06-01,264,264
HUACARETA,chagas viviendas,viviendas evaluadas,2011-06-01,309,309
INCAHUASI,chagas viviendas,viviendas evaluadas,2011-06-01,518,518
IRUPANA (VILLA DE LANZA),chagas viviendas,viviendas evaluadas,2011-06-01,439,439
LAGUNILLAS,chagas viviendas,viviendas evaluadas,2011-06-01,91,91
LAS CARRERAS,chagas viviendas,viviendas evaluadas,2011-06-01,339,339
LURIBAY,chagas viviendas,viviendas evaluadas,2011-06-01,106,106
MAIRANA,chagas viviendas,viviendas evaluadas,2011-06-01,33,33
MIZQUE,chagas viviendas,viviendas evaluadas,2011-06-01,421,421
MONTEAGUDO,chagas viviendas,viviendas evaluadas,2011-06-01,588,588
MONTERO,chagas viviendas,viviendas evaluadas,2011-06-01,1,1
MORO MORO,chagas viviendas,viviendas evaluadas,2011-06-01,20,20
OCURI,chagas viviendas,viviendas evaluadas,2011-06-01,95,95
OMEREQUE,chagas viviendas,viviendas evaluadas,2011-06-01,307,307
PADCAYA,chagas viviendas,viviendas evaluadas,2011-06-01,127,127
PAMPA GRANDE,chagas viviendas,viviendas evaluadas,2011-06-01,94,94
PASORAPA,chagas viviendas,viviendas evaluadas,2011-06-01,108,108
POCOATA,chagas viviendas,viviendas evaluadas,2011-06-01,330,330
POCONA,chagas viviendas,viviendas evaluadas,2011-06-01,165,165
POJO (CBBA),chagas viviendas,viviendas evaluadas,2011-06-01,98,98
POROMA,chagas viviendas,viviendas evaluadas,2011-06-01,538,538
POSTRER VALLE,chagas viviendas,viviendas evaluadas,2011-06-01,31,31
PRESTO,chagas viviendas,viviendas evaluadas,2011-06-01,599,599
PUCARA,chagas viviendas,viviendas evaluadas,2011-06-01,51,51
PUNA,chagas viviendas,viviendas evaluadas,2011-06-01,529,529
PUNATA,chagas viviendas,viviendas evaluadas,2011-06-01,310,310
QUILLACOLLO,chagas viviendas,viviendas evaluadas,2011-06-01,246,246
QUIRUSILLAS,chagas viviendas,viviendas evaluadas,2011-06-01,81,81
RAVELO,chagas viviendas,viviendas evaluadas,2011-06-01,657,657
ROBORE,chagas viviendas,viviendas evaluadas,2011-06-01,86,86
SACABA,chagas viviendas,viviendas evaluadas,2011-06-01,398,398
SACABAMBA,chagas viviendas,viviendas evaluadas,2011-06-01,224,224
SAN BENITO,chagas viviendas,viviendas evaluadas,2011-06-01,247,247
SAN LORENZO(TJA),chagas viviendas,viviendas evaluadas,2011-06-01,204,204
SAN PEDRO DE BUENA VISTA,chagas viviendas,viviendas evaluadas,2011-06-01,827,827
SANTA CRUZ DE LA SIERRA,chagas viviendas,viviendas evaluadas,2011-06-01,0,0
SANTIVAÑES,chagas viviendas,viviendas evaluadas,2011-06-01,455,455
SAPAHAQUI,chagas viviendas,viviendas evaluadas,2011-06-01,1297,1297
SICAYA,chagas viviendas,viviendas evaluadas,2011-06-01,60,60
SIPE SIPE,chagas viviendas,viviendas evaluadas,2011-06-01,361,361
SOPACHUY,chagas viviendas,viviendas evaluadas,2011-06-01,366,366
TACOBAMBA,chagas viviendas,viviendas evaluadas,2011-06-01,615,615
TACOPAYA,chagas viviendas,viviendas evaluadas,2011-06-01,197,197
TAPACARI,chagas viviendas,viviendas evaluadas,2011-06-01,405,405
TARATA,chagas viviendas,viviendas evaluadas,2011-06-01,271,271
TARIJA,chagas viviendas,viviendas evaluadas,2011-06-01,95,95
TIQUIPAYA,chagas viviendas,viviendas evaluadas,2011-06-01,2,2
TOCO,chagas viviendas,viviendas evaluadas,2011-06-01,175,175
TOLATA,chagas viviendas,viviendas evaluadas,2011-06-01,277,277
TOMAVE,chagas viviendas,viviendas evaluadas,2011-06-01,260,260
TOMINA,chagas viviendas,viviendas evaluadas,2011-06-01,885,885
TORO TORO,chagas viviendas,viviendas evaluadas,2011-06-01,304,304
TOTORA(CBBA),chagas viviendas,viviendas evaluadas,2011-06-01,354,354
TRIGAL,chagas viviendas,viviendas evaluadas,2011-06-01,53,53
TRINIDAD,chagas viviendas,viviendas evaluadas,2011-06-01,12,12
TUPIZA,chagas viviendas,viviendas evaluadas,2011-06-01,1133,1133
URIONDO (A. CONCEPCION),chagas viviendas,viviendas evaluadas,2011-06-01,184,184
VALLEGRANDE,chagas viviendas,viviendas evaluadas,2011-06-01,112,112
VILA VILA,chagas viviendas,viviendas evaluadas,2011-06-01,81,81
VILLA CHARCAS,chagas viviendas,viviendas evaluadas,2011-06-01,59,59
VILLA MONTES,chagas viviendas,viviendas evaluadas,2011-06-01,54,54
VILLA RIVERO,chagas viviendas,viviendas evaluadas,2011-06-01,239,239
VILLA VACA GUZMAN (MUYUPAMPA),chagas viviendas,viviendas evaluadas,2011-06-01,361,361
VILLAZON,chagas viviendas,viviendas evaluadas,2011-06-01,45,45
VINTO,chagas viviendas,viviendas evaluadas,2011-06-01,253,253
VITICHI,chagas viviendas,viviendas evaluadas,2011-06-01,300,300
YUNCHARA,chagas viviendas,viviendas evaluadas,2011-06-01,2,2
ZUDAÑEZ,chagas viviendas,viviendas evaluadas,2011-06-01,356,356
ACACIO,chagas viviendas,viviendas evaluadas,2011-07-01,442,442
AIQUILE,chagas viviendas,viviendas evaluadas,2011-07-01,162,162
ALCALA,chagas viviendas,viviendas evaluadas,2011-07-01,152,152
ANZALDO,chagas viviendas,viviendas evaluadas,2011-07-01,94,94
ARAMPAMPA,chagas viviendas,viviendas evaluadas,2011-07-01,229,229
ARANI,chagas viviendas,viviendas evaluadas,2011-07-01,209,209
ARBIETO,chagas viviendas,viviendas evaluadas,2011-07-01,281,281
AYOPAYA (V. DE INDEPENDENCIA),chagas viviendas,viviendas evaluadas,2011-07-01,365,365
BETANZOS,chagas viviendas,viviendas evaluadas,2011-07-01,475,475
BOYUIBE,chagas viviendas,viviendas evaluadas,2011-07-01,30,30
CABEZAS,chagas viviendas,viviendas evaluadas,2011-07-01,287,287
"CAIZA ""D""",chagas viviendas,viviendas evaluadas,2011-07-01,268,268
CAMARGO,chagas viviendas,viviendas evaluadas,2011-07-01,314,314
CAMATAQUI (C. VILLA ABECIA),chagas viviendas,viviendas evaluadas,2011-07-01,243,243
CAPINOTA,chagas viviendas,viviendas evaluadas,2011-07-01,426,426
CLIZA,chagas viviendas,viviendas evaluadas,2011-07-01,308,308
COCHABAMBA,chagas viviendas,viviendas evaluadas,2011-07-01,972,972
COLCAPIRHUA,chagas viviendas,viviendas evaluadas,2011-07-01,274,274
COLQUECHACA,chagas viviendas,viviendas evaluadas,2011-07-01,175,175
COROICO,chagas viviendas,viviendas evaluadas,2011-07-01,1160,1160
COTAGAITA,chagas viviendas,viviendas evaluadas,2011-07-01,743,743
CUATRO CAÑADAS,chagas viviendas,viviendas evaluadas,2011-07-01,478,478
CUEVO,chagas viviendas,viviendas evaluadas,2011-07-01,215,215
EL PUENTE(TJA),chagas viviendas,viviendas evaluadas,2011-07-01,128,128
EL TORNO,chagas viviendas,viviendas evaluadas,2011-07-01,294,294
ENTRE RIOS TRJ,chagas viviendas,viviendas evaluadas,2011-07-01,24,24
GUTIERREZ,chagas viviendas,viviendas evaluadas,2011-07-01,56,56
HUACARETA,chagas viviendas,viviendas evaluadas,2011-07-01,398,398
HUACAYA (VILLA DE HUACAYA),chagas viviendas,viviendas evaluadas,2011-07-01,128,128
INCAHUASI,chagas viviendas,viviendas evaluadas,2011-07-01,90,90
IRUPANA (VILLA DE LANZA),chagas viviendas,viviendas evaluadas,2011-07-01,365,365
LAGUNILLAS,chagas viviendas,viviendas evaluadas,2011-07-01,461,461
LAS CARRERAS,chagas viviendas,viviendas evaluadas,2011-07-01,205,205
MAIRANA,chagas viviendas,viviendas evaluadas,2011-07-01,48,48
MIZQUE,chagas viviendas,viviendas evaluadas,2011-07-01,504,504
MONTEAGUDO,chagas viviendas,viviendas evaluadas,2011-07-01,169,169
MONTERO,chagas viviendas,viviendas evaluadas,2011-07-01,4,4
MORO MORO,chagas viviendas,viviendas evaluadas,2011-07-01,56,56
OMEREQUE,chagas viviendas,viviendas evaluadas,2011-07-01,297,297
PADCAYA,chagas viviendas,viviendas evaluadas,2011-07-01,299,299
PAILON,chagas viviendas,viviendas evaluadas,2011-07-01,120,120
PALCA,chagas viviendas,viviendas evaluadas,2011-07-01,1399,1399
PAMPA GRANDE,chagas viviendas,viviendas evaluadas,2011-07-01,17,17
POCOATA,chagas viviendas,viviendas evaluadas,2011-07-01,187,187
POCONA,chagas viviendas,viviendas evaluadas,2011-07-01,175,175
POJO (CBBA),chagas viviendas,viviendas evaluadas,2011-07-01,185,185
POSTRER VALLE,chagas viviendas,viviendas evaluadas,2011-07-01,38,38
PRESTO,chagas viviendas,viviendas evaluadas,2011-07-01,510,510
PUCARA,chagas viviendas,viviendas evaluadas,2011-07-01,40,40
PUNA,chagas viviendas,viviendas evaluadas,2011-07-01,732,732
PUNATA,chagas viviendas,viviendas evaluadas,2011-07-01,406,406
QUILLACOLLO,chagas viviendas,viviendas evaluadas,2011-07-01,1,1
QUIRUSILLAS,chagas viviendas,viviendas evaluadas,2011-07-01,108,108
RAVELO,chagas viviendas,viviendas evaluadas,2011-07-01,263,263
SACABA,chagas viviendas,viviendas evaluadas,2011-07-01,314,314
SACABAMBA,chagas viviendas,viviendas evaluadas,2011-07-01,30,30
SAIPINA,chagas viviendas,viviendas evaluadas,2011-07-01,20,20
SAMAIPATA,chagas viviendas,viviendas evaluadas,2011-07-01,68,68
SAN BENITO,chagas viviendas,viviendas evaluadas,2011-07-01,240,240
SAN LORENZO(TJA),chagas viviendas,viviendas evaluadas,2011-07-01,51,51
SAN LUCAS,chagas viviendas,viviendas evaluadas,2011-07-01,867,867
SAN PEDRO DE BUENA VISTA,chagas viviendas,viviendas evaluadas,2011-07-01,792,792
SANTA CRUZ DE LA SIERRA,chagas viviendas,viviendas evaluadas,2011-07-01,0,0
SAPAHAQUI,chagas viviendas,viviendas evaluadas,2011-07-01,512,512
SICAYA,chagas viviendas,viviendas evaluadas,2011-07-01,102,102
SIPE SIPE,chagas viviendas,viviendas evaluadas,2011-07-01,459,459
SOPACHUY,chagas viviendas,viviendas evaluadas,2011-07-01,147,147
SUCRE,chagas viviendas,viviendas evaluadas,2011-07-01,2,2
TACOBAMBA,chagas viviendas,viviendas evaluadas,2011-07-01,331,331
TACOPAYA,chagas viviendas,viviendas evaluadas,2011-07-01,272,272
TAPACARI,chagas viviendas,viviendas evaluadas,2011-07-01,188,188
TARATA,chagas viviendas,viviendas evaluadas,2011-07-01,369,369
TIQUIPAYA,chagas viviendas,viviendas evaluadas,2011-07-01,373,373
TOCO,chagas viviendas,viviendas evaluadas,2011-07-01,122,122
TOLATA,chagas viviendas,viviendas evaluadas,2011-07-01,280,280
TOMAVE,chagas viviendas,viviendas evaluadas,2011-07-01,151,151
TOMINA,chagas viviendas,viviendas evaluadas,2011-07-01,475,475
TORO TORO,chagas viviendas,viviendas evaluadas,2011-07-01,283,283
TOTORA(CBBA),chagas viviendas,viviendas evaluadas,2011-07-01,400,400
TRIGAL,chagas viviendas,viviendas evaluadas,2011-07-01,35,35
TRINIDAD,chagas viviendas,viviendas evaluadas,2011-07-01,13,13
TUPIZA,chagas viviendas,viviendas evaluadas,2011-07-01,932,932
URIONDO (A. CONCEPCION),chagas viviendas,viviendas evaluadas,2011-07-01,296,296
VALLEGRANDE,chagas viviendas,viviendas evaluadas,2011-07-01,49,49
VILA VILA,chagas viviendas,viviendas evaluadas,2011-07-01,27,27
VILLA RIVERO,chagas viviendas,viviendas evaluadas,2011-07-01,194,194
VILLA SERRANO,chagas viviendas,viviendas evaluadas,2011-07-01,328,328
VILLA VACA GUZMAN (MUYUPAMPA),chagas viviendas,viviendas evaluadas,2011-07-01,286,286
VILLAZON,chagas viviendas,viviendas evaluadas,2011-07-01,90,90
VITICHI,chagas viviendas,viviendas evaluadas,2011-07-01,269,269
WARNES,chagas viviendas,viviendas evaluadas,2011-07-01,2,2
YAMPARAEZ,chagas viviendas,viviendas evaluadas,2011-07-01,160,160
YUNCHARA,chagas viviendas,viviendas evaluadas,2011-07-01,1820,1820
ZUDAÑEZ,chagas viviendas,viviendas evaluadas,2011-07-01,405,405
ACACIO,chagas viviendas,viviendas evaluadas,2011-08-01,159,159
ALCALA,chagas viviendas,viviendas evaluadas,2011-08-01,48,48
ANZALDO,chagas viviendas,viviendas evaluadas,2011-08-01,75,75
ARAMPAMPA,chagas viviendas,viviendas evaluadas,2011-08-01,224,224
ARANI,chagas viviendas,viviendas evaluadas,2011-08-01,207,207
ARBIETO,chagas viviendas,viviendas evaluadas,2011-08-01,238,238
ARQUE,chagas viviendas,viviendas evaluadas,2011-08-01,163,163
BETANZOS,chagas viviendas,viviendas evaluadas,2011-08-01,225,225
CABEZAS,chagas viviendas,viviendas evaluadas,2011-08-01,448,448
"CAIZA ""D""",chagas viviendas,viviendas evaluadas,2011-08-01,157,157
CAMARGO,chagas viviendas,viviendas evaluadas,2011-08-01,302,302
CAMATAQUI (C. VILLA ABECIA),chagas viviendas,viviendas evaluadas,2011-08-01,306,306
CAPINOTA,chagas viviendas,viviendas evaluadas,2011-08-01,184,184
CHARAGUA,chagas viviendas,viviendas evaluadas,2011-08-01,1128,1128
CHULUMANI (V. DE LA LIBERTAD),chagas viviendas,viviendas evaluadas,2011-08-01,1062,1062
CLIZA,chagas viviendas,viviendas evaluadas,2011-08-01,340,340
COCHABAMBA,chagas viviendas,viviendas evaluadas,2011-08-01,95,95
COLCAPIRHUA,chagas viviendas,viviendas evaluadas,2011-08-01,271,271
COLQUECHACA,chagas viviendas,viviendas evaluadas,2011-08-01,180,180
CORIPATA,chagas viviendas,viviendas evaluadas,2011-08-01,1059,1059
COTAGAITA,chagas viviendas,viviendas evaluadas,2011-08-01,974,974
CUATRO CAÑADAS,chagas viviendas,viviendas evaluadas,2011-08-01,917,917
CUEVO,chagas viviendas,viviendas evaluadas,2011-08-01,573,573
EL PUENTE(TJA),chagas viviendas,viviendas evaluadas,2011-08-01,146,146
EL TORNO,chagas viviendas,viviendas evaluadas,2011-08-01,205,205
ENTRE RIOS TRJ,chagas viviendas,viviendas evaluadas,2011-08-01,86,86
GUTIERREZ,chagas viviendas,viviendas evaluadas,2011-08-01,205,205
HUACARETA,chagas viviendas,viviendas evaluadas,2011-08-01,155,155
HUACAYA (VILLA DE HUACAYA),chagas viviendas,viviendas evaluadas,2011-08-01,21,21
ICLA,chagas viviendas,viviendas evaluadas,2011-08-01,412,412
INCAHUASI,chagas viviendas,viviendas evaluadas,2011-08-01,225,225
IRUPANA (VILLA DE LANZA),chagas viviendas,viviendas evaluadas,2011-08-01,221,221
LAGUNILLAS,chagas viviendas,viviendas evaluadas,2011-08-01,109,109
LAS CARRERAS,chagas viviendas,viviendas evaluadas,2011-08-01,198,198
LURIBAY,chagas viviendas,viviendas evaluadas,2011-08-01,614,614
MAIRANA,chagas viviendas,viviendas evaluadas,2011-08-01,128,128
MIZQUE,chagas viviendas,viviendas evaluadas,2011-08-01,433,433
MOJOCOYA,chagas viviendas,viviendas evaluadas,2011-08-01,823,823
MONTEAGUDO,chagas viviendas,viviendas evaluadas,2011-08-01,447,447
MONTERO,chagas viviendas,viviendas evaluadas,2011-08-01,1,1
MORO MORO,chagas viviendas,viviendas evaluadas,2011-08-01,85,85
OMEREQUE,chagas viviendas,viviendas evaluadas,2011-08-01,181,181
PADCAYA,chagas viviendas,viviendas evaluadas,2011-08-01,95,95
PAILON,chagas viviendas,viviendas evaluadas,2011-08-01,14,14
PASORAPA,chagas viviendas,viviendas evaluadas,2011-08-01,168,168
POCOATA,chagas viviendas,viviendas evaluadas,2011-08-01,73,73
POCONA,chagas viviendas,viviendas evaluadas,2011-08-01,232,232
POJO (CBBA),chagas viviendas,viviendas evaluadas,2011-08-01,232,232
POSTRER VALLE,chagas viviendas,viviendas evaluadas,2011-08-01,15,15
PRESTO,chagas viviendas,viviendas evaluadas,2011-08-01,529,529
PUCARA,chagas viviendas,viviendas evaluadas,2011-08-01,42,42
PUNATA,chagas viviendas,viviendas evaluadas,2011-08-01,475,475
QUIRUSILLAS,chagas viviendas,viviendas evaluadas,2011-08-01,87,87
RAVELO,chagas viviendas,viviendas evaluadas,2011-08-01,488,488
ROBORE,chagas viviendas,viviendas evaluadas,2011-08-01,43,43
SACABA,chagas viviendas,viviendas evaluadas,2011-08-01,328,328
SACABAMBA,chagas viviendas,viviendas evaluadas,2011-08-01,255,255
SAIPINA,chagas viviendas,viviendas evaluadas,2011-08-01,150,150
SAMAIPATA,chagas viviendas,viviendas evaluadas,2011-08-01,34,34
SAN BENITO,chagas viviendas,viviendas evaluadas,2011-08-01,253,253
SAN LORENZO(TJA),chagas viviendas,viviendas evaluadas,2011-08-01,202,202
SAN LUCAS,chagas viviendas,viviendas evaluadas,2011-08-01,277,277
SAN PEDRO DE BUENA VISTA,chagas viviendas,viviendas evaluadas,2011-08-01,152,152
SANTA CRUZ DE LA SIERRA,chagas viviendas,viviendas evaluadas,2011-08-01,0,0
SAPAHAQUI,chagas viviendas,viviendas evaluadas,2011-08-01,952,952
SICAYA,chagas viviendas,viviendas evaluadas,2011-08-01,169,169
SOPACHUY,chagas viviendas,viviendas evaluadas,2011-08-01,310,310
SUCRE,chagas viviendas,viviendas evaluadas,2011-08-01,5,5
TACOPAYA,chagas viviendas,viviendas evaluadas,2011-08-01,249,249
TAPACARI,chagas viviendas,viviendas evaluadas,2011-08-01,197,197
TARABUCO,chagas viviendas,viviendas evaluadas,2011-08-01,387,387
TARATA,chagas viviendas,viviendas evaluadas,2011-08-01,385,385
TARIJA,chagas viviendas,viviendas evaluadas,2011-08-01,70,70
TIQUIPAYA,chagas viviendas,viviendas evaluadas,2011-08-01,309,309
TOCO,chagas viviendas,viviendas evaluadas,2011-08-01,119,119
TOLATA,chagas viviendas,viviendas evaluadas,2011-08-01,276,276
TOMAVE,chagas viviendas,viviendas evaluadas,2011-08-01,596,596
TORO TORO,chagas viviendas,viviendas evaluadas,2011-08-01,401,401
TOTORA(CBBA),chagas viviendas,viviendas evaluadas,2011-08-01,405,405
TUPIZA,chagas viviendas,viviendas evaluadas,2011-08-01,834,834
URIONDO (A. CONCEPCION),chagas viviendas,viviendas evaluadas,2011-08-01,230,230
VALLEGRANDE,chagas viviendas,viviendas evaluadas,2011-08-01,122,122
VILLA RIVERO,chagas viviendas,viviendas evaluadas,2011-08-01,154,154
VILLA SERRANO,chagas viviendas,viviendas evaluadas,2011-08-01,204,204
VILLA VACA GUZMAN (MUYUPAMPA),chagas viviendas,viviendas evaluadas,2011-08-01,222,222
VILLAZON,chagas viviendas,viviendas evaluadas,2011-08-01,284,284
VINTO,chagas viviendas,viviendas evaluadas,2011-08-01,229,229
VITICHI,chagas viviendas,viviendas evaluadas,2011-08-01,216,216
WARNES,chagas viviendas,viviendas evaluadas,2011-08-01,1,1
ZUDAÑEZ,chagas viviendas,viviendas evaluadas,2011-08-01,420,420
ACACIO,chagas viviendas,viviendas evaluadas,2011-09-01,442,442
AIQUILE,chagas viviendas,viviendas evaluadas,2011-09-01,128,128
ANZALDO,chagas viviendas,viviendas evaluadas,2011-09-01,27,27
ARAMPAMPA,chagas viviendas,viviendas evaluadas,2011-09-01,131,131
ARANI,chagas viviendas,viviendas evaluadas,2011-09-01,211,211
ARBIETO,chagas viviendas,viviendas evaluadas,2011-09-01,273,273
ARQUE,chagas viviendas,viviendas evaluadas,2011-09-01,87,87
AYOPAYA (V. DE INDEPENDENCIA),chagas viviendas,viviendas evaluadas,2011-09-01,190,190
BETANZOS,chagas viviendas,viviendas evaluadas,2011-09-01,270,270
CABEZAS,chagas viviendas,viviendas evaluadas,2011-09-01,562,562
CAIROMA,chagas viviendas,viviendas evaluadas,2011-09-01,612,612
"CAIZA ""D""",chagas viviendas,viviendas evaluadas,2011-09-01,231,231
CAMARGO,chagas viviendas,viviendas evaluadas,2011-09-01,381,381
CAMATAQUI (C. VILLA ABECIA),chagas viviendas,viviendas evaluadas,2011-09-01,336,336
CAPINOTA,chagas viviendas,viviendas evaluadas,2011-09-01,98,98
CHARAGUA,chagas viviendas,viviendas evaluadas,2011-09-01,50,50
CHULUMANI (V. DE LA LIBERTAD),chagas viviendas,viviendas evaluadas,2011-09-01,1616,1616
CLIZA,chagas viviendas,viviendas evaluadas,2011-09-01,344,344
COCHABAMBA,chagas viviendas,viviendas evaluadas,2011-09-01,202,202
COLCAPIRHUA,chagas viviendas,viviendas evaluadas,2011-09-01,287,287
COMARAPA,chagas viviendas,viviendas evaluadas,2011-09-01,53,53
CUATRO CAÑADAS,chagas viviendas,viviendas evaluadas,2011-09-01,1477,1477
CUCHUMUELA (V. G. VILLARROEL),chagas viviendas,viviendas evaluadas,2011-09-01,97,97
CUEVO,chagas viviendas,viviendas evaluadas,2011-09-01,825,825
EL PUENTE(TJA),chagas viviendas,viviendas evaluadas,2011-09-01,59,59
ENTRE RIOS TRJ,chagas viviendas,viviendas evaluadas,2011-09-01,319,319
GUTIERREZ,chagas viviendas,viviendas evaluadas,2011-09-01,101,101
HUACARETA,chagas viviendas,viviendas evaluadas,2011-09-01,176,176
HUACAYA (VILLA DE HUACAYA),chagas viviendas,viviendas evaluadas,2011-09-01,55,55
ICLA,chagas viviendas,viviendas evaluadas,2011-09-01,124,124
IRUPANA (VILLA DE LANZA),chagas viviendas,viviendas evaluadas,2011-09-01,1946,1946
LAS CARRERAS,chagas viviendas,viviendas evaluadas,2011-09-01,159,159
LURIBAY,chagas viviendas,viviendas evaluadas,2011-09-01,583,583
MAIRANA,chagas viviendas,viviendas evaluadas,2011-09-01,51,51
MOJOCOYA,chagas viviendas,viviendas evaluadas,2011-09-01,28,28
MONTEAGUDO,chagas viviendas,viviendas evaluadas,2011-09-01,888,888
MONTERO,chagas viviendas,viviendas evaluadas,2011-09-01,1,1
MORO MORO,chagas viviendas,viviendas evaluadas,2011-09-01,81,81
OMEREQUE,chagas viviendas,viviendas evaluadas,2011-09-01,31,31
PADCAYA,chagas viviendas,viviendas evaluadas,2011-09-01,136,136
PAMPA GRANDE,chagas viviendas,viviendas evaluadas,2011-09-01,76,76
PASORAPA,chagas viviendas,viviendas evaluadas,2011-09-01,89,89
POCONA,chagas viviendas,viviendas evaluadas,2011-09-01,181,181
POJO (CBBA),chagas viviendas,viviendas evaluadas,2011-09-01,57,57
POROMA,chagas viviendas,viviendas evaluadas,2011-09-01,61,61
POSTRER VALLE,chagas viviendas,viviendas evaluadas,2011-09-01,47,47
PRESTO,chagas viviendas,viviendas evaluadas,2011-09-01,217,217
PUCARA,chagas viviendas,viviendas evaluadas,2011-09-01,42,42
PUNA,chagas viviendas,viviendas evaluadas,2011-09-01,269,269
PUNATA,chagas viviendas,viviendas evaluadas,2011-09-01,93,93
QUIRUSILLAS,chagas viviendas,viviendas evaluadas,2011-09-01,87,87
ROBORE,chagas viviendas,viviendas evaluadas,2011-09-01,29,29
SACABA,chagas viviendas,viviendas evaluadas,2011-09-01,411,411
SACABAMBA,chagas viviendas,viviendas evaluadas,2011-09-01,194,194
SAIPINA,chagas viviendas,viviendas evaluadas,2011-09-01,47,47
SAMAIPATA,chagas viviendas,viviendas evaluadas,2011-09-01,50,50
SAN BENITO,chagas viviendas,viviendas evaluadas,2011-09-01,198,198
SAN LORENZO(TJA),chagas viviendas,viviendas evaluadas,2011-09-01,194,194
SAN LUCAS,chagas viviendas,viviendas evaluadas,2011-09-01,560,560
SAN PEDRO DE BUENA VISTA,chagas viviendas,viviendas evaluadas,2011-09-01,267,267
SANTA CRUZ DE LA SIERRA,chagas viviendas,viviendas evaluadas,2011-09-01,0,0
SANTIVAÑES,chagas viviendas,viviendas evaluadas,2011-09-01,12,12
SAPAHAQUI,chagas viviendas,viviendas evaluadas,2011-09-01,104,104
SICAYA,chagas viviendas,viviendas evaluadas,2011-09-01,194,194
SOPACHUY,chagas viviendas,viviendas evaluadas,2011-09-01,381,381
TACOPAYA,chagas viviendas,viviendas evaluadas,2011-09-01,238,238
TAPACARI,chagas viviendas,viviendas evaluadas,2011-09-01,244,244
TARABUCO,chagas viviendas,viviendas evaluadas,2011-09-01,263,263
TARATA,chagas viviendas,viviendas evaluadas,2011-09-01,355,355
TARIJA,chagas viviendas,viviendas evaluadas,2011-09-01,25,25
TIQUIPAYA,chagas viviendas,viviendas evaluadas,2011-09-01,315,315
TOCO,chagas viviendas,viviendas evaluadas,2011-09-01,174,174
TOLATA,chagas viviendas,viviendas evaluadas,2011-09-01,294,294
TOTORA(CBBA),chagas viviendas,viviendas evaluadas,2011-09-01,450,450
TUPIZA,chagas viviendas,viviendas evaluadas,2011-09-01,830,830
URIONDO (A. CONCEPCION),chagas viviendas,viviendas evaluadas,2011-09-01,201,201
VILA VILA,chagas viviendas,viviendas evaluadas,2011-09-01,56,56
VILLA RIVERO,chagas viviendas,viviendas evaluadas,2011-09-01,122,122
VILLA SERRANO,chagas viviendas,viviendas evaluadas,2011-09-01,326,326
VILLA VACA GUZMAN (MUYUPAMPA),chagas viviendas,viviendas evaluadas,2011-09-01,96,96
VILLAZON,chagas viviendas,viviendas evaluadas,2011-09-01,245,245
VINTO,chagas viviendas,viviendas evaluadas,2011-09-01,56,56
VITICHI,chagas viviendas,viviendas evaluadas,2011-09-01,200,200
YACUIBA,chagas viviendas,viviendas evaluadas,2011-09-01,332,332
YANACACHI,chagas viviendas,viviendas evaluadas,2011-09-01,293,293
ZUDAÑEZ,chagas viviendas,viviendas evaluadas,2011-09-01,288,288
ACACIO,chagas viviendas,viviendas evaluadas,2011-10-01,436,436
AIQUILE,chagas viviendas,viviendas evaluadas,2011-10-01,435,435
ARAMPAMPA,chagas viviendas,viviendas evaluadas,2011-10-01,48,48
ARBIETO,chagas viviendas,viviendas evaluadas,2011-10-01,311,311
ARQUE,chagas viviendas,viviendas evaluadas,2011-10-01,119,119
AYOPAYA (V. DE INDEPENDENCIA),chagas viviendas,viviendas evaluadas,2011-10-01,238,238
AZURDUY,chagas viviendas,viviendas evaluadas,2011-10-01,25,25
BOYUIBE,chagas viviendas,viviendas evaluadas,2011-10-01,67,67
CABEZAS,chagas viviendas,viviendas evaluadas,2011-10-01,883,883
CAMARGO,chagas viviendas,viviendas evaluadas,2011-10-01,333,333
CAPINOTA,chagas viviendas,viviendas evaluadas,2011-10-01,84,84
CHULUMANI (V. DE LA LIBERTAD),chagas viviendas,viviendas evaluadas,2011-10-01,896,896
CLIZA,chagas viviendas,viviendas evaluadas,2011-10-01,333,333
COLCAPIRHUA,chagas viviendas,viviendas evaluadas,2011-10-01,208,208
COMARAPA,chagas viviendas,viviendas evaluadas,2011-10-01,176,176
CORIPATA,chagas viviendas,viviendas evaluadas,2011-10-01,1193,1193
COTAGAITA,chagas viviendas,viviendas evaluadas,2011-10-01,492,492
CUCHUMUELA (V. G. VILLARROEL),chagas viviendas,viviendas evaluadas,2011-10-01,83,83
CUEVO,chagas viviendas,viviendas evaluadas,2011-10-01,122,122
ENTRE RIOS TRJ,chagas viviendas,viviendas evaluadas,2011-10-01,216,216
GUTIERREZ,chagas viviendas,viviendas evaluadas,2011-10-01,383,383
HUACARETA,chagas viviendas,viviendas evaluadas,2011-10-01,344,344
HUACAYA (VILLA DE HUACAYA),chagas viviendas,viviendas evaluadas,2011-10-01,48,48
INCAHUASI,chagas viviendas,viviendas evaluadas,2011-10-01,179,179
IRUPANA (VILLA DE LANZA),chagas viviendas,viviendas evaluadas,2011-10-01,394,394
LURIBAY,chagas viviendas,viviendas evaluadas,2011-10-01,532,532
MAIRANA,chagas viviendas,viviendas evaluadas,2011-10-01,50,50
MOJOCOYA,chagas viviendas,viviendas evaluadas,2011-10-01,36,36
MONTEAGUDO,chagas viviendas,viviendas evaluadas,2011-10-01,239,239
MONTERO,chagas viviendas,viviendas evaluadas,2011-10-01,1,1
OCURI,chagas viviendas,viviendas evaluadas,2011-10-01,202,202
OMEREQUE,chagas viviendas,viviendas evaluadas,2011-10-01,24,24
PADCAYA,chagas viviendas,viviendas evaluadas,2011-10-01,110,110
PAMPA GRANDE,chagas viviendas,viviendas evaluadas,2011-10-01,26,26
PASORAPA,chagas viviendas,viviendas evaluadas,2011-10-01,121,121
POCOATA,chagas viviendas,viviendas evaluadas,2011-10-01,149,149
POCONA,chagas viviendas,viviendas evaluadas,2011-10-01,197,197
POROMA,chagas viviendas,viviendas evaluadas,2011-10-01,125,125
POSTRER VALLE,chagas viviendas,viviendas evaluadas,2011-10-01,19,19
PRESTO,chagas viviendas,viviendas evaluadas,2011-10-01,164,164
QUILLACOLLO,chagas viviendas,viviendas evaluadas,2011-10-01,2,2
QUIRUSILLAS,chagas viviendas,viviendas evaluadas,2011-10-01,81,81
RAVELO,chagas viviendas,viviendas evaluadas,2011-10-01,828,828
ROBORE,chagas viviendas,viviendas evaluadas,2011-10-01,28,28
SACABA,chagas viviendas,viviendas evaluadas,2011-10-01,312,312
SACABAMBA,chagas viviendas,viviendas evaluadas,2011-10-01,208,208
SAIPINA,chagas viviendas,viviendas evaluadas,2011-10-01,71,71
SAN BENITO,chagas viviendas,viviendas evaluadas,2011-10-01,236,236
SAN LORENZO(TJA),chagas viviendas,viviendas evaluadas,2011-10-01,95,95
SANTA CRUZ DE LA SIERRA,chagas viviendas,viviendas evaluadas,2011-10-01,0,0
SANTIVAÑES,chagas viviendas,viviendas evaluadas,2011-10-01,9,9
SICAYA,chagas viviendas,viviendas evaluadas,2011-10-01,155,155
SOPACHUY,chagas viviendas,viviendas evaluadas,2011-10-01,12,12
TACOPAYA,chagas viviendas,viviendas evaluadas,2011-10-01,194,194
TAPACARI,chagas viviendas,viviendas evaluadas,2011-10-01,209,209
TARATA,chagas viviendas,viviendas evaluadas,2011-10-01,300,300
TIQUIPAYA,chagas viviendas,viviendas evaluadas,2011-10-01,323,323
TOCO,chagas viviendas,viviendas evaluadas,2011-10-01,165,165
TOLATA,chagas viviendas,viviendas evaluadas,2011-10-01,266,266
TOMAVE,chagas viviendas,viviendas evaluadas,2011-10-01,202,202
TORO TORO,chagas viviendas,viviendas evaluadas,2011-10-01,135,135
TOTORA(CBBA),chagas viviendas,viviendas evaluadas,2011-10-01,366,366
TUPIZA,chagas viviendas,viviendas evaluadas,2011-10-01,760,760
URIONDO (A. CONCEPCION),chagas viviendas,viviendas evaluadas,2011-10-01,71,71
VALLEGRANDE,chagas viviendas,viviendas evaluadas,2011-10-01,224,224
VILA VILA,chagas viviendas,viviendas evaluadas,2011-10-01,29,29
VILLA RIVERO,chagas viviendas,viviendas evaluadas,2011-10-01,115,115
VILLA SERRANO,chagas viviendas,viviendas evaluadas,2011-10-01,77,77
VILLA VACA GUZMAN (MUYUPAMPA),chagas viviendas,viviendas evaluadas,2011-10-01,36,36
VILLAZON,chagas viviendas,viviendas evaluadas,2011-10-01,276,276
VINTO,chagas viviendas,viviendas evaluadas,2011-10-01,117,117
VITICHI,chagas viviendas,viviendas evaluadas,2011-10-01,326,326
YACUIBA,chagas viviendas,viviendas evaluadas,2011-10-01,181,181
YAMPARAEZ,chagas viviendas,viviendas evaluadas,2011-10-01,6,6
YANACACHI,chagas viviendas,viviendas evaluadas,2011-10-01,919,919
ZUDAÑEZ,chagas viviendas,viviendas evaluadas,2011-10-01,313,313
ACACIO,chagas viviendas,viviendas evaluadas,2011-11-01,219,219
AIQUILE,chagas viviendas,viviendas evaluadas,2011-11-01,119,119
ALCALA,chagas viviendas,viviendas evaluadas,2011-11-01,108,108
ANZALDO,chagas viviendas,viviendas evaluadas,2011-11-01,254,254
ARQUE,chagas viviendas,viviendas evaluadas,2011-11-01,77,77
AYOPAYA (V. DE INDEPENDENCIA),chagas viviendas,viviendas evaluadas,2011-11-01,268,268
BETANZOS,chagas viviendas,viviendas evaluadas,2011-11-01,254,254
CAJUATA,chagas viviendas,viviendas evaluadas,2011-11-01,1482,1482
CAMATAQUI (C. VILLA ABECIA),chagas viviendas,viviendas evaluadas,2011-11-01,268,268
CAPINOTA,chagas viviendas,viviendas evaluadas,2011-11-01,84,84
CKOCHAS,chagas viviendas,viviendas evaluadas,2011-11-01,602,602
CLIZA,chagas viviendas,viviendas evaluadas,2011-11-01,425,425
COCHABAMBA,chagas viviendas,viviendas evaluadas,2011-11-01,358,358
COLCAPIRHUA,chagas viviendas,viviendas evaluadas,2011-11-01,201,201
COMARAPA,chagas viviendas,viviendas evaluadas,2011-11-01,378,378
CORIPATA,chagas viviendas,viviendas evaluadas,2011-11-01,1238,1238
COTAGAITA,chagas viviendas,viviendas evaluadas,2011-11-01,435,435
CUATRO CAÑADAS,chagas viviendas,viviendas evaluadas,2011-11-01,13,13
CUCHUMUELA (V. G. VILLARROEL),chagas viviendas,viviendas evaluadas,2011-11-01,89,89
EL VILLAR,chagas viviendas,viviendas evaluadas,2011-11-01,150,150
ENTRE RIOS TRJ,chagas viviendas,viviendas evaluadas,2011-11-01,315,315
GUTIERREZ,chagas viviendas,viviendas evaluadas,2011-11-01,92,92
HUACARETA,chagas viviendas,viviendas evaluadas,2011-11-01,279,279
HUACAYA (VILLA DE HUACAYA),chagas viviendas,viviendas evaluadas,2011-11-01,144,144
ICLA,chagas viviendas,viviendas evaluadas,2011-11-01,56,56
INCAHUASI,chagas viviendas,viviendas evaluadas,2011-11-01,286,286
IRUPANA (VILLA DE LANZA),chagas viviendas,viviendas evaluadas,2011-11-01,415,415
LURIBAY,chagas viviendas,viviendas evaluadas,2011-11-01,1336,1336
MAIRANA,chagas viviendas,viviendas evaluadas,2011-11-01,43,43
MOJOCOYA,chagas viviendas,viviendas evaluadas,2011-11-01,339,339
MONTEAGUDO,chagas viviendas,viviendas evaluadas,2011-11-01,352,352
MONTERO,chagas viviendas,viviendas evaluadas,2011-11-01,3,3
MORO MORO,chagas viviendas,viviendas evaluadas,2011-11-01,28,28
MOROCHATA,chagas viviendas,viviendas evaluadas,2011-11-01,35,35
OCURI,chagas viviendas,viviendas evaluadas,2011-11-01,101,101
PADCAYA,chagas viviendas,viviendas evaluadas,2011-11-01,280,280
PASORAPA,chagas viviendas,viviendas evaluadas,2011-11-01,75,75
POCONA,chagas viviendas,viviendas evaluadas,2011-11-01,199,199
POJO (CBBA),chagas viviendas,viviendas evaluadas,2011-11-01,34,34
POROMA,chagas viviendas,viviendas evaluadas,2011-11-01,193,193
POSTRER VALLE,chagas viviendas,viviendas evaluadas,2011-11-01,235,235
PRESTO,chagas viviendas,viviendas evaluadas,2011-11-01,468,468
PUCARA,chagas viviendas,viviendas evaluadas,2011-11-01,61,61
QUILLACOLLO,chagas viviendas,viviendas evaluadas,2011-11-01,543,543
QUIRUSILLAS,chagas viviendas,viviendas evaluadas,2011-11-01,16,16
RAVELO,chagas viviendas,viviendas evaluadas,2011-11-01,94,94
ROBORE,chagas viviendas,viviendas evaluadas,2011-11-01,33,33
SACABA,chagas viviendas,viviendas evaluadas,2011-11-01,252,252
SACABAMBA,chagas viviendas,viviendas evaluadas,2011-11-01,218,218
SAN BENITO,chagas viviendas,viviendas evaluadas,2011-11-01,200,200
SAN JULIAN,chagas viviendas,viviendas evaluadas,2011-11-01,35,35
SAN LORENZO(TJA),chagas viviendas,viviendas evaluadas,2011-11-01,274,274
SAN LUCAS,chagas viviendas,viviendas evaluadas,2011-11-01,76,76
SANTA CRUZ DE LA SIERRA,chagas viviendas,viviendas evaluadas,2011-11-01,10,10
SICAYA,chagas viviendas,viviendas evaluadas,2011-11-01,139,139
SUCRE,chagas viviendas,viviendas evaluadas,2011-11-01,170,170
TACOPAYA,chagas viviendas,viviendas evaluadas,2011-11-01,192,192
TAPACARI,chagas viviendas,viviendas evaluadas,2011-11-01,383,383
TARABUCO,chagas viviendas,viviendas evaluadas,2011-11-01,150,150
TARATA,chagas viviendas,viviendas evaluadas,2011-11-01,332,332
TIQUIPAYA,chagas viviendas,viviendas evaluadas,2011-11-01,319,319
TOCO,chagas viviendas,viviendas evaluadas,2011-11-01,114,114
TOLATA,chagas viviendas,viviendas evaluadas,2011-11-01,276,276
TOMAVE,chagas viviendas,viviendas evaluadas,2011-11-01,184,184
TOMINA,chagas viviendas,viviendas evaluadas,2011-11-01,545,545
TORO TORO,chagas viviendas,viviendas evaluadas,2011-11-01,434,434
TOTORA(CBBA),chagas viviendas,viviendas evaluadas,2011-11-01,397,397
TUPIZA,chagas viviendas,viviendas evaluadas,2011-11-01,1166,1166
URIONDO (A. CONCEPCION),chagas viviendas,viviendas evaluadas,2011-11-01,238,238
VALLEGRANDE,chagas viviendas,viviendas evaluadas,2011-11-01,163,163
VILLA RIVERO,chagas viviendas,viviendas evaluadas,2011-11-01,100,100
VILLA SERRANO,chagas viviendas,viviendas evaluadas,2011-11-01,583,583
VILLA VACA GUZMAN (MUYUPAMPA),chagas viviendas,viviendas evaluadas,2011-11-01,4,4
VINTO,chagas viviendas,viviendas evaluadas,2011-11-01,73,73
VITICHI,chagas viviendas,viviendas evaluadas,2011-11-01,84,84
WARNES,chagas viviendas,viviendas evaluadas,2011-11-01,7,7
YAMPARAEZ,chagas viviendas,viviendas evaluadas,2011-11-01,122,122
ZUDAÑEZ,chagas viviendas,viviendas evaluadas,2011-11-01,386,386
ACACIO,chagas viviendas,viviendas evaluadas,2011-12-01,359,359
ALCALA,chagas viviendas,viviendas evaluadas,2011-12-01,89,89
ANZALDO,chagas viviendas,viviendas evaluadas,2011-12-01,361,361
ARANI,chagas viviendas,viviendas evaluadas,2011-12-01,280,280
ARBIETO,chagas viviendas,viviendas evaluadas,2011-12-01,15,15
AYOPAYA (V. DE INDEPENDENCIA),chagas viviendas,viviendas evaluadas,2011-12-01,239,239
AZURDUY,chagas viviendas,viviendas evaluadas,2011-12-01,17,17
CAJUATA,chagas viviendas,viviendas evaluadas,2011-12-01,1509,1509
CKOCHAS,chagas viviendas,viviendas evaluadas,2011-12-01,484,484
CLIZA,chagas viviendas,viviendas evaluadas,2011-12-01,496,496
COCHABAMBA,chagas viviendas,viviendas evaluadas,2011-12-01,84,84
COLCAPIRHUA,chagas viviendas,viviendas evaluadas,2011-12-01,264,264
CORIPATA,chagas viviendas,viviendas evaluadas,2011-12-01,1584,1584
COTAGAITA,chagas viviendas,viviendas evaluadas,2011-12-01,188,188
CUATRO CAÑADAS,chagas viviendas,viviendas evaluadas,2011-12-01,22,22
CUCHUMUELA (V. G. VILLARROEL),chagas viviendas,viviendas evaluadas,2011-12-01,112,112
EL VILLAR,chagas viviendas,viviendas evaluadas,2011-12-01,97,97
ENTRE RIOS TRJ,chagas viviendas,viviendas evaluadas,2011-12-01,145,145
INQUISIVI,chagas viviendas,viviendas evaluadas,2011-12-01,71,71
LA GUARDIA,chagas viviendas,viviendas evaluadas,2011-12-01,380,380
LAGUNILLAS,chagas viviendas,viviendas evaluadas,2011-12-01,8,8
LAS CARRERAS,chagas viviendas,viviendas evaluadas,2011-12-01,2,2
LICOMA PAMPA,chagas viviendas,viviendas evaluadas,2011-12-01,806,806
LURIBAY,chagas viviendas,viviendas evaluadas,2011-12-01,231,231
MIZQUE,chagas viviendas,viviendas evaluadas,2011-12-01,209,209
MOJOCOYA,chagas viviendas,viviendas evaluadas,2011-12-01,162,162
MONTEAGUDO,chagas viviendas,viviendas evaluadas,2011-12-01,432,432
OCURI,chagas viviendas,viviendas evaluadas,2011-12-01,251,251
PADCAYA,chagas viviendas,viviendas evaluadas,2011-12-01,107,107
PAMPA GRANDE,chagas viviendas,viviendas evaluadas,2011-12-01,308,308
PASORAPA,chagas viviendas,viviendas evaluadas,2011-12-01,9,9
POCONA,chagas viviendas,viviendas evaluadas,2011-12-01,166,166
POJO (CBBA),chagas viviendas,viviendas evaluadas,2011-12-01,175,175
POSTRER VALLE,chagas viviendas,viviendas evaluadas,2011-12-01,33,33
PUERTO VILLARROEL,chagas viviendas,viviendas evaluadas,2011-12-01,1,1
PUNA,chagas viviendas,viviendas evaluadas,2011-12-01,217,217
SACABA,chagas viviendas,viviendas evaluadas,2011-12-01,442,442
SACABAMBA,chagas viviendas,viviendas evaluadas,2011-12-01,210,210
SAIPINA,chagas viviendas,viviendas evaluadas,2011-12-01,20,20
SAN BENITO,chagas viviendas,viviendas evaluadas,2011-12-01,233,233
SAN LUCAS,chagas viviendas,viviendas evaluadas,2011-12-01,652,652
SAN PEDRO DE BUENA VISTA,chagas viviendas,viviendas evaluadas,2011-12-01,548,548
SANTA CRUZ DE LA SIERRA,chagas viviendas,viviendas evaluadas,2011-12-01,12,12
SANTIVAÑES,chagas viviendas,viviendas evaluadas,2011-12-01,27,27
SICAYA,chagas viviendas,viviendas evaluadas,2011-12-01,199,199
SIPE SIPE,chagas viviendas,viviendas evaluadas,2011-12-01,183,183
SUCRE,chagas viviendas,viviendas evaluadas,2011-12-01,181,181
TACOPAYA,chagas viviendas,viviendas evaluadas,2011-12-01,214,214
TAPACARI,chagas viviendas,viviendas evaluadas,2011-12-01,78,78
TARABUCO,chagas viviendas,viviendas evaluadas,2011-12-01,164,164
TARIJA,chagas viviendas,viviendas evaluadas,2011-12-01,222,222
TIQUIPAYA,chagas viviendas,viviendas evaluadas,2011-12-01,235,235
TOCO,chagas viviendas,viviendas evaluadas,2011-12-01,165,165
TOLATA,chagas viviendas,viviendas evaluadas,2011-12-01,2940,2940
TOMAVE,chagas viviendas,viviendas evaluadas,2011-12-01,219,219
TOTORA(CBBA),chagas viviendas,viviendas evaluadas,2011-12-01,315,315
URIONDO (A. CONCEPCION),chagas viviendas,viviendas evaluadas,2011-12-01,202,202
VALLEGRANDE,chagas viviendas,viviendas evaluadas,2011-12-01,27,27
VILLA CHARCAS,chagas viviendas,viviendas evaluadas,2011-12-01,201,201
VILLA RIVERO,chagas viviendas,viviendas evaluadas,2011-12-01,181,181
VILLAZON,chagas viviendas,viviendas evaluadas,2011-12-01,477,477
VITICHI,chagas viviendas,viviendas evaluadas,2011-12-01,125,125
WARNES,chagas viviendas,viviendas evaluadas,2011-12-01,2,2
YACUIBA,chagas viviendas,viviendas evaluadas,2011-12-01,24,24
YUNCHARA,chagas viviendas,viviendas evaluadas,2011-12-01,36,36
ZUDAÑEZ,chagas viviendas,viviendas evaluadas,2011-12-01,84,84
